consonant_diacritic,freq,prob
3,619,0.00308205536745668
6,1387,0.00690599482174866
1,7424,0.0369647480581557
4,21270,0.105905198167696
5,21397,0.106537542322247
2,23465,0.116834295956981
0,125278,0.623770165305716
