vowel_diacritic,freq,prob
8,3528,0.0175662218681538
10,3563,0.0177404899422426
6,4336,0.0215893248356901
5,5297,0.0263742282413862
9,16032,0.079824736108345
3,16152,0.0804222266480781
4,18848,0.0938458474407489
2,25967,0.129291973710416
7,28723,0.143014339772954
1,36886,0.183658633738299
0,41508,0.206671977693687
